{"cameraMode":{"drawMode":0,"name":"Shaded","section":"Shading Mode"},"sceneLighting":false,"audioPlay":false,"sceneViewState":{"showFog":true,"showMaterialUpdate":true,"showSkybox":false,"showFlares":true,"showImageEffects":true,"showParticleSystems":true},"in2DMode":false,"pivot":{"x":-9.869999885559082,"y":1.679999828338623,"z":1.9600000381469727},"rotation":{"x":-0.08516900986433029,"y":0.8887501358985901,"z":-0.1841496229171753,"w":-0.4110458493232727},"size":0.8660253882408142,"orthographic":false}